ID,price
0,41.62008
1,57.00910458
2,110.293212
3,72.83514
4,57.22761
5,364.1757
6,114.45522
7,35.377068
8,33.296064
9,353.77068
10,67.63263
11,150.87279
12,38.50897902
13,39.539076
14,52.0251
15,108.212208
16,47.863092
17,68.673132
18,99.367941
19,59.308614
20,37.458072
21,76.1647464
22,44.741586
23,130.06275
24,64.511124
25,364.1757
26,27.99990882
27,81.92912748
28,780.3765
29,41.62008
30,234.11295
31,166.48032
32,45.782088
33,20.81004
34,206.019396
35,145.67028
36,43.701084
37,46.82259
38,57.22761
39,156.0753
40,33.296064
41,373.540218
42,211.221906
43,95.726184
44,104.0502
45,65.551626
46,42.660582
47,52.0251
48,28.093554
49,93.64518
50,33.70185978
51,624.3012
52,60.349116
53,20.81004
54,60.349116
55,166.48032
56,192.49287
57,78.03765
58,112.374216
59,130.06275
60,43.701084
61,109.25271
62,239.31546
63,67.63263
64,84.280662
65,39.00841998
66,90.523674
67,111.333714
68,218.50542
69,203.938392
70,107.0884658
71,74.916144
72,135.26526
73,52.0251
74,103.009698
75,176.88534
76,81.159156
77,156.0753
78,41.62008
79,77.02836306
80,233.072448
81,183.128352
82,35.3250429
83,59.308614
84,100.928694
85,88.44267
86,88.44267
87,114.45522
88,30.174558
89,72.83514
90,57.22761
91,72.83514
92,57.22761
93,1014.48945
94,76.997148
95,62.43012
96,40.579578
97,53.065602
98,249.72048
99,39.539076
100,343.36566
101,56.3952084
102,156.0753
103,182.08785
104,468.2259
105,54.01245882
106,119.65773
107,234.11295
108,50.984598
109,426.60582
110,86.361666
111,95.3620083
112,79.078152
113,79.26544236
114,176.88534
115,36.0533943
116,46.82259
117,157.115802
118,234.11295
119,47.863092
120,46.82259
121,111.333714
122,135.26526
123,65.551626
124,28.093554
125,63.470622
126,187.29036
127,130.06275
128,41.38076454
129,39.539076
130,192.49287
131,37.458072
132,75.956646
133,41.5160298
134,58.268112
135,249.72048
136,212.262408
137,57.22761
138,138.386766
139,56.187108
140,83.24016
141,23.931546
142,49.944096
143,76.997148
144,117.576726
145,62.43012
146,104.0502
147,68.9332575
148,39.14368524
149,59.308614
150,81.159156
151,67.63263
152,57.3836853
153,182.08785
154,143.589276
155,62.43012
156,96.34008018
157,156.0753
158,88.44267
159,312.1506
160,43.701084
161,64.511124
162,41.50562478
163,72.83514
164,36.41757
165,65.551626
166,312.1506
167,88.44267
168,70.754136
169,28.093554
170,114.45522
171,64.511124
172,58.788363
173,139.427268
174,29.134056
175,101.969196
176,40.059327
177,557.709072
178,61.389618
179,168.561324
180,62.5341702
181,48.16483758
182,109.25271
183,130.06275
184,120.698232
185,109.25271
186,54.92810058
187,55.146606
188,57.22761
189,64.511124
190,270.53052
191,111.333714
192,67.63263
193,46.82259
194,40.579578
195,37.458072
196,886.507704
197,208.1004
198,71.794638
199,97.4430123
200,67.63263
201,56.3952084
202,67.63263
203,130.06275
204,93.64518
205,103.1553683
206,31.21506
207,90.523674
208,88.4946951
209,41.099829
210,59.308614
211,78.03765
212,53.065602
213,72.83514
214,59.02247595
215,275.73303
216,31.49599554
217,65.16664026
218,38.3424987
219,119.65773
220,30.7988592
221,67.63263
222,124.86024
223,67.63263
224,40.579578
225,226.829436
226,88.44267
227,156.0753
228,36.41757
229,390.18825
230,249.72048
231,161.27781
232,35.377068
233,71.794638
234,44.3253852
235,40.88132358
236,12.486024
237,52.0251
238,123.819738
239,35.74644621
240,260.1255
241,130.06275
242,72.83514
243,62.43012
244,122.779236
245,37.7181975
246,49.7359956
247,37.458072
248,83.24016
249,59.308614
250,75.956646
251,37.85346276
252,263.247006
253,58.268112
254,530.65602
255,49.944096
256,218.50542
257,280.93554
258,95.726184
259,64.3030236
260,199.776384
261,87.94322904
262,124.86024
263,72.83514
264,67.4245296
265,88.44267
266,36.6776955
267,20.81004
268,126.941244
269,42.2964063
270,223.70793
271,55.84374234
272,85.321164
273,78.03765
274,54.106104
275,58.268112
276,57.22761
277,338.16315
278,234.11295
279,140.46777
280,98.84769
281,208.1004
282,80.82619536
283,61.389618
284,249.72048
285,47.863092
286,151.913292
287,63.3665718
288,68.673132
289,55.72928712
290,36.65688546
291,286.13805
292,54.106104
293,83.24016
294,21.850542
295,48.903594
296,41.62008
297,56.707359
298,65.551626
299,130.06275
300,199.776384
301,62.43012
302,67.63263
303,72.83514
304,104.0502
305,57.22761
306,52.0251
307,109.25271
308,291.34056
309,119.65773
310,31.70409594
311,71.794638
312,54.89688552
313,280.93554
314,44.221335
315,114.45522
316,382.904736
317,54.106104
318,143.589276
319,130.06275
320,37.74941256
321,40.579578
322,64.511124
323,131.103252
324,104.0502
325,57.22761
326,42.660582
327,332.96064
328,124.86024
329,46.82259
330,66.592128
331,67.63263
332,140.46777
333,57.22761
334,59.308614
335,110.293212
336,156.0753
337,46.302339
338,42.05709084
339,39.539076
340,280.93554
341,166.48032
342,49.944096
343,135.26526
344,108.212208
345,156.0753
346,62.43012
347,72.83514
348,81.159156
349,61.389618
350,160.237308
351,364.1757
352,46.82259
353,98.84769
354,109.25271
355,67.63263
356,44.741586
357,208.1004
358,655.51626
359,156.0753
360,67.63263
361,78.03765
362,43.701084
363,13.2664005
364,72.42934422
365,98.18176872
366,91.564176
367,70.754136
368,40.579578
369,31.1630349
370,46.82259
371,74.16698256
372,38.80031958
373,24.972048
374,176.88534
375,239.31546
376,197.69538
377,60.349116
378,78.03765
379,176.88534
380,39.539076
381,54.43906464
382,67.63263
383,60.349116
384,46.82259
385,70.754136
386,79.24463232
387,187.29036
388,155.034798
389,131.103252
390,90.523674
391,107.171706
392,70.51482054
393,52.0251
394,234.11295
395,67.63263
396,87.95363406
397,187.29036
398,114.45522
399,114.45522
400,47.53013136
401,72.83514
402,135.26526
403,134.224758
404,72.83514
405,81.159156
406,60.349116
407,52.0251
408,67.63263
409,65.16664026
410,145.67028
411,33.99320034
412,98.84769
413,59.308614
414,130.06275
415,145.67028
416,46.82259
417,44.741586
418,32.255562
419,135.26526
420,69.43269846
421,42.660582
422,161.27781
423,130.06275
424,3029.941824
425,70.754136
426,212.262408
427,26.92819176
428,43.701084
429,39.539076
430,176.88534
431,42.660582
432,34.4406162
433,88.44267
434,119.65773
435,10.40502
436,65.47879086
437,70.754136
438,182.08785
439,96.766686
440,249.72048
441,676.3263
442,43.701084
443,40.059327
444,728.3514
445,73.875642
446,156.0753
447,44.741586
448,34.856817
449,144.629778
450,65.551626
451,655.51626
452,130.06275
453,129.022248
454,58.788363
455,111.333714
456,135.26526
457,41.62008
458,67.63263
459,80.118654
460,20.7059898
461,15.60753
462,93.64518
463,60.349116
464,42.06749586
465,67.63263
466,98.84769
467,112.374216
468,58.268112
469,40.579578
470,104.0502
471,72.83514
472,109.25271
473,343.36566
474,60.349116
475,56.187108
476,83.5523106
477,42.84787236
478,91.564176
479,93.64518
480,57.22761
481,77.96481486
482,59.308614
483,249.72048
484,69.713634
485,47.863092
486,208.1004
487,60.349116
488,76.9451229
489,79.078152
490,44.741586
491,358.97319
492,49.30938978
493,84.280662
494,328.798632
495,70.754136
496,208.1004
497,88.44267
498,56.187108
499,43.99242456
500,41.62008
501,47.863092
502,119.65773
503,49.23655464
504,156.0753
505,109.25271
506,67.63263
507,135.26526
508,41.62008
509,17.688534
510,83.24016
511,44.741586
512,44.20052496
513,53.065602
514,45.782088
515,208.1004
516,187.29036
517,14.046777
518,81.159156
519,58.268112
520,156.0753
521,43.701084
522,79.06774698
523,88.44267
524,61.389618
525,106.131204
526,71.794638
527,37.458072
528,114.45522
529,46.82259
530,130.06275
531,46.82259
532,145.67028
533,66.592128
534,260.1255
535,29.134056
536,166.48032
537,81.14875098
538,213.30291
539,47.863092
540,111.333714
541,26.01255
542,67.63263
543,156.0753
544,124.86024
545,54.01245882
546,26.01255
547,72.83514
548,25.8044496
549,59.308614
550,192.49287
551,64.511124
552,72.83514
553,178.966344
554,58.268112
555,106.131204
556,119.65773
557,46.82259
558,140.46777
559,80.118654
560,64.511124
561,145.67028
562,90.523674
563,213.30291
564,197.69538
565,114.45522
566,54.4702797
567,37.458072
568,47.863092
569,30.7988592
570,257.003994
571,62.0139192
572,171.68283
573,145.67028
574,81.159156
575,112.374216
576,744.999432
577,91.564176
578,78.03765
579,29.72714214
580,39.539076
581,34.69033668
582,73.875642
583,40.92294366
584,239.31546
585,87.63107844
586,52.71183132
587,130.06275
588,83.24016
589,87.402168
590,176.88534
591,88.44267
592,65.99904186
593,54.94891062
594,93.64518
595,176.88534
596,72.27326892
597,62.18039952
598,67.63263
599,66.67536816
600,75.956646
601,22.370793
602,176.88534
603,49.944096
604,176.88534
605,46.302339
606,72.24205386
607,104.0502
608,62.43012
609,291.34056
610,67.63263
611,71.40965226
612,127.981746
613,121.738734
614,95.726184
615,33.296064
616,26.01255
617,66.7482033
618,23.7234456
619,161.27781
620,52.0251
621,36.41757
622,62.43012
623,71.794638
624,78.03765
625,44.38781532
626,119.65773
627,260.1255
628,100.408443
629,42.64497447
630,39.539076
631,102.479042
632,52.0251
633,78.03765
634,312.1506
635,69.713634
636,447.41586
637,47.863092
638,117.576726
639,49.1637195
640,59.64157464
641,168.041073
642,124.86024
643,140.46777
644,62.43012
645,249.72048
646,48.383343
647,91.564176
648,36.41757
649,216.424416
650,40.059327
651,55.8749574
652,62.43012
653,819.915576
654,234.11295
655,46.82259
656,44.5334856
657,47.99835726
658,182.08785
659,76.997148
660,72.42934422
661,41.62008
662,24.6078723
663,139.427268
664,176.88534
665,99.888192
666,93.64518
667,249.72048
668,171.68283
669,89.483172
670,56.46804354
671,468.2259
672,275.73303
673,140.46777
674,43.19123802
675,47.69661168
676,32.75500296
677,218.50542
678,108.212208
679,60.93179712
680,99.888192
681,52.0251
682,140.46777
683,81.159156
684,57.22761
685,81.159156
686,62.43012
687,424.524816
688,46.82259
689,54.106104
690,88.44267
691,60.6612666
692,124.86024
693,57.22761
694,260.1255
695,98.84769
696,130.06275
697,73.9276671
698,55.146606
699,93.64518
700,312.1506
701,44.3253852
702,234.11295
703,81.159156
704,60.25547082
705,81.159156
706,79.078152
707,208.1004
708,100.928694
709,284.057046
710,468.2259
711,40.49633784
712,36.41757
713,57.22761
714,74.916144
715,187.29036
716,40.24661736
717,29.23290369
718,208.1004
719,57.22761
720,34.25332584
721,343.36566
722,322.55562
723,31.21506
724,67.63263
725,197.69538
726,98.84769
727,62.43012
728,185.209356
729,58.268112
730,93.124929
731,46.82259
732,130.06275
733,109.25271
734,60.869367
735,78.03765
736,187.29036
737,74.916144
738,69.713634
739,130.06275
740,234.11295
741,43.701084
742,353.77068
743,68.673132
744,140.46777
745,162.318312
746,135.26526
747,72.83514
748,53.065602
749,54.626355
750,33.80590998
751,96.38170026
752,312.1506
753,249.72048
754,59.308614
755,332.96064
756,263.247006
757,68.673132
758,76.40406186
759,467.185398
760,66.67536816
761,387.066744
762,93.64518
763,52.0251
764,96.766686
765,33.296064
766,89.20223646
767,74.916144
768,88.86927582
769,17.88622938
770,52.0251
771,88.44267
772,75.956646
773,67.63263
774,171.68283
775,70.754136
776,129.022248
777,70.754136
778,58.268112
779,416.2008
780,98.84769
781,72.83514
782,35.36666298
783,64.511124
784,122.779236
785,530.65602
786,52.0251
787,249.72048
788,56.187108
789,209.140902
790,114.45522
791,47.863092
792,43.701084
793,37.458072
794,37.458072
795,54.106104
796,168.561324
797,56.707359
798,312.1506
799,55.8749574
800,187.29036
801,28.093554
802,82.76152908
803,45.782088
804,72.83514
805,124.86024
806,78.03765
807,83.24016
808,57.22761
809,114.45522
810,166.48032
811,57.22761
812,60.349116
813,40.579578
814,339.203652
815,182.08785
816,390.18825
817,36.06379932
818,78.03765
819,58.268112
820,78.03765
821,44.5855107
822,77.53820904
823,114.45522
824,187.29036
825,41.43278964
826,156.0753
827,478.63092
828,31.44397044
829,58.268112
830,70.754136
831,72.83514
832,83.24016
833,38.498574
834,119.65773
835,81.159156
836,110.293212
837,416.2008
838,83.24016
839,26.01255
840,28.093554
841,64.01168304
842,44.25775257
843,74.916144
844,70.754136
845,55.146606
846,119.65773
847,39.00841998
848,104.0502
849,405.79578
850,74.916144
851,171.68283
852,53.065602
853,49.944096
854,45.34507716
855,45.782088
856,47.863092
857,104.0502
858,85.321164
859,208.1004
860,208.1004
861,93.64518
862,98.84769
863,43.701084
864,249.72048
865,56.187108
866,62.43012
867,156.0753
868,92.604678
869,83.24016
870,52.0251
871,71.25357696
872,86.4136911
873,45.782088
874,48.03997734
875,60.349116
876,74.916144
877,134.224758
878,116.536224
879,81.159156
880,82.199658
881,145.67028
882,80.25391926
883,47.863092
884,63.44981196
885,78.03765
886,78.03765
887,218.50542
888,60.349116
889,572.2761
890,99.888192
891,78.03765
892,280.93554
893,195.614376
894,67.63263
895,18.729036
896,93.64518
897,202.89789
898,78.03765
899,93.64518
900,69.713634
901,69.713634
902,226.829436
903,208.1004
904,62.43012
905,36.41757
906,82.199658
907,39.539076
908,47.99835726
909,92.604678
910,36.8337708
911,81.74183712
912,46.82259
913,8.78183688
914,47.863092
915,79.43192268
916,67.63263
917,97.807188
918,92.604678
919,36.41757
920,260.1255
921,582.68112
922,81.159156
923,67.63263
924,69.713634
925,74.916144
926,46.1982888
927,76.13353134
928,362.094696
929,62.43012
930,98.84769
931,59.308614
932,187.29036
933,31.21506
934,32.4636624
935,67.63263
936,98.84769
937,78.03765
938,42.18195108
939,88.44267
940,150.87279
941,45.261837
942,176.88534
943,92.604678
944,54.01245882
945,78.03765
946,114.45522
947,260.1255
948,93.64518
949,156.0753
950,93.64518
951,364.1757
952,76.997148
953,79.078152
954,111.333714
955,73.29296088
956,114.45522
957,228.91044
958,107.171706
959,83.24016
960,70.233885
961,67.63263
962,64.511124
963,46.82259
964,78.03765
965,83.24016
966,65.551626
967,286.13805
968,37.978323
969,45.782088
970,78.03765
971,25.86687972
972,83.24016
973,47.863092
974,52.0251
975,26.56401606
976,51.35917872
977,140.46777
978,40.579578
979,39.66393624
980,109.25271
981,64.6671993
982,68.673132
983,145.67028
984,93.64518
985,312.1506
986,61.389618
987,37.8742728
988,119.65773
989,239.31546
990,220.586424
991,171.68283
992,321.515118
993,104.0502
994,55.25585871
995,150.87279
996,72.83514
997,727.310898
998,41.62008
999,135.26526
1000,626.382204
1001,45.782088
1002,260.1255
1003,54.95931564
1004,18.729036
1005,54.106104
1006,93.64518
1007,59.308614
1008,65.551626
1009,60.349116
1010,67.63263
1011,156.0753
1012,131.103252
1013,70.233885
1014,93.8532804
1015,33.296064
1016,78.53709096
1017,13.526526
1018,338.16315
1019,130.06275
1020,37.91589288
1021,50.3602968
1022,93.64518
1023,67.63263
1024,62.43012
1025,41.099829
1026,42.660582
1027,46.82259
1028,83.24016
1029,85.321164
1030,72.83514
1031,119.65773
1032,88.44267
1033,57.22761
1034,43.701084
1035,47.863092
1036,415.160298
1037,46.302339
1038,57.22761
1039,119.65773
1040,79.078152
1041,33.296064
1042,48.903594
1043,31.21506
1044,39.539076
1045,118.617228
1046,208.1004
1047,66.70658322
1048,57.22761
1049,81.159156
1050,48.903594
1051,93.64518
1052,156.0753
1053,37.2499716
1054,67.63263
1055,71.274387
1056,45.261837
1057,76.997148
1058,22.891044
1059,63.990873
1060,140.46777
1061,39.29976054
1062,75.956646
1063,62.43012
1064,98.84769
1065,69.5575587
1066,48.16483758
1067,93.18735912
1068,40.579578
1069,52.0251
1070,55.146606
1071,58.268112
1072,166.48032
1073,62.1699945
1074,47.863092
1075,88.44267
1076,84.27025698
1077,520.251
1078,172.723332
1079,133.184256
1080,88.44267
1081,46.82259
1082,442.21335
1083,353.77068
1084,93.64518
1085,49.944096
1086,59.828865
1087,53.065602
1088,300.705078
1089,119.65773
1090,43.701084
1091,53.56504296
1092,12.486024
1093,40.579578
1094,78.03765
1095,156.0753
1096,41.099829
1097,70.754136
1098,42.140331
1099,72.83514
1100,104.0502
1101,61.389618
1102,213.30291
1103,114.45522
1104,62.43012
1105,27.053052
1106,58.3721622
1107,2846.813472
1108,127.461495
1109,44.741586
1110,88.44267
1111,72.83514
1112,208.1004
1113,192.49287
1114,114.45522
1115,52.79507148
1116,151.913292
1117,42.44207658
1118,390.18825
1119,36.41757
1120,50.984598
1121,79.078152
1122,228.91044
1123,62.43012
1124,25.9605249
1125,79.078152
1126,124.86024
1127,78.03765
1128,114.45522
1129,112.374216
1130,71.794638
1131,52.0251
1132,58.268112
1133,58.268112
1134,41.62008
1135,36.41757
1136,141.508272
1137,44.741586
1138,44.221335
1139,45.782088
1140,133.184256
1141,72.83514
1142,33.28565898
1143,74.71844862
1144,39.539076
1145,52.0251
1146,33.95158026
1147,75.956646
1148,43.701084
1149,87.12123246
1150,135.26526
1151,46.302339
1152,78.03765
1153,625.341702
1154,46.82259
1155,65.551626
1156,87.402168
1157,416.2008
1158,43.701084
1159,72.83514
1160,162.318312
1161,105.090702
1162,91.564176
1163,114.45522
1164,53.92921866
1165,78.03765
1166,52.0251
1167,52.84709658
1168,57.22761
1169,69.713634
1170,144.629778
1171,57.43050789
1172,145.67028
1173,130.06275
1174,38.498574
1175,520.251
1176,35.377068
1177,56.187108
1178,147.751284
1179,17.78217918
1180,20.289789
1181,41.62008
1182,85.321164
1183,194.573874
1184,88.44267
1185,44.1172848
1186,280.93554
1187,94.685682
1188,121.738734
1189,155.034798
1190,60.349116
1191,112.374216
1192,52.0251
1193,33.80590998
1194,62.2220196
1195,57.22761
1196,80.118654
1197,67.63263
1198,34.336566
1199,68.673132
1200,312.1506
1201,62.43012
1202,93.64518
1203,45.44912736
1204,133.184256
1205,78.03765
1206,56.187108
1207,41.099829
1208,74.916144
1209,83.24016
1210,52.0251
1211,68.673132
1212,61.389618
1213,81.159156
1214,124.86024
1215,130.06275
1216,312.1506
1217,14.60864808
1218,49.944096
1219,74.916144
1220,63.2625216
1221,312.1506
1222,130.06275
1223,62.43012
1224,41.2038792
1225,52.0251
1226,114.45522
1227,161.27781
1228,47.863092
1229,109.25271
1230,196.654878
1231,124.86024
1232,135.26526
1233,57.22761
1234,56.187108
1235,124.86024
1236,89.483172
1237,62.43012
1238,98.84769
1239,58.268112
1240,103.2802285
1241,41.62008
1242,66.67536816
1243,64.511124
1244,42.2443812
1245,98.84769
1246,72.83514
1247,187.29036
1248,47.863092
1249,39.37259568
1250,572.2761
1251,176.88534
1252,312.1506
1253,71.794638
1254,114.45522
1255,85.321164
1256,104.0502
1257,66.592128
1258,47.342841
1259,226.829436
1260,62.43012
1261,41.62008
1262,109.25271
1263,197.69538
1264,182.08785
1265,312.1506
1266,72.83514
1267,197.69538
1268,468.2259
1269,109.25271
1270,390.18825
1271,64.511124
1272,52.21239036
1273,20.81004
1274,47.64458658
1275,90.523674
1276,13.006275
1277,43.701084
1278,29.134056
1279,60.349116
1280,60.349116
1281,44.54389062
1282,83.24016
1283,59.308614
1284,72.83514
1285,52.0251
1286,47.863092
1287,134.224758
1288,37.458072
1289,10.6651455
1290,78.03765
1291,42.660582
1292,98.84769
1293,86.361666
1294,936.4518
1295,374.58072
1296,61.389618
1297,42.06749586
1298,156.0753
1299,100.928694
1300,126.941244
1301,38.498574
1302,17.4284085
1303,42.07790088
1304,322.55562
1305,40.25702238
1306,61.389618
1307,57.22761
1308,103.009698
1309,140.46777
1310,208.1004
1311,60.2450658
1312,130.06275
1313,40.01770692
1314,184.168854
1315,59.308614
1316,38.498574
1317,114.45522
1318,95.726184
1319,88.44267
1320,83.24016
1321,72.83514
1322,88.44267
1323,35.897319
1324,43.17042798
1325,156.0753
1326,43.701084
1327,62.43012
1328,65.551626
1329,101.969196
1330,262.206504
1331,58.268112
1332,494.23845
1333,98.84769
1334,33.296064
1335,72.83514
1336,19.769538
1337,76.997148
1338,123.819738
1339,57.22761
1340,45.48034242
1341,39.3309756
1342,88.44267
1343,60.349116
1344,69.713634
1345,45.782088
1346,62.43012
1347,54.106104
1348,58.268112
1349,46.82259
1350,312.1506
1351,39.62231616
1352,73.53227634
1353,32.255562
1354,150.87279
1355,145.67028
1356,98.84769
1357,58.268112
1358,60.349116
1359,34.336566
1360,43.9612095
1361,62.43012
1362,54.106104
1363,78.03765
1364,176.88534
1365,171.68283
1366,88.44267
1367,83.24016
1368,78.03765
1369,46.82259
1370,201.857388
1371,70.754136
1372,64.511124
1373,114.45522
1374,57.22761
1375,72.83514
1376,416.2008
1377,53.065602
1378,60.349116
1379,192.49287
1380,64.511124
1381,16.648032
1382,93.64518
1383,117.576726
1384,70.51482054
1385,42.660582
1386,46.82259
1387,83.24016
1388,59.308614
1389,62.43012
1390,106.131204
1391,60.869367
1392,67.63263
1393,230.991444
1394,145.67028
1395,81.0551058
1396,62.43012
1397,121.738734
1398,47.863092
1399,187.29036
1400,130.06275
1401,88.962921
1402,410.99829
1403,572.2761
1404,114.45522
1405,55.146606
1406,67.63263
1407,52.0251
1408,46.82259
1409,33.5561895
1410,88.44267
1411,62.43012
1412,114.45522
1413,43.701084
1414,249.72048
1415,45.1577868
1416,171.68283
1417,312.1506
1418,124.86024
1419,72.83514
1420,46.82259
1421,114.45522
1422,124.86024
1423,126.941244
1424,35.5851684
1425,52.4413008
1426,83.24016
1427,100.928694
1428,72.83514
1429,104.0502
1430,83.24016
1431,582.68112
1432,208.1004
1433,362.094696
1434,34.14927564
1435,35.0128923
1436,353.77068
1437,47.342841
1438,40.579578
1439,67.63263
1440,52.0251
1441,119.65773
1442,57.22761
1443,47.863092
1444,130.06275
1445,55.146606
1446,634.70622
1447,120.698232
1448,228.91044
1449,145.67028
1450,35.1169425
1451,69.713634
1452,42.22357116
1453,93.64518
1454,48.903594
1455,58.81957806
1456,71.794638
1457,33.96198528
1458,348.56817
1459,93.64518
1460,31.9954365
1461,88.98373104
1462,46.82259
1463,71.794638
1464,40.9957788
1465,61.389618
1466,48.2792928
1467,192.49287
1468,57.22761
1469,49.944096
1470,95.726184
1471,156.0753
1472,116.536224
1473,48.16483758
1474,39.539076
1475,260.1255
1476,66.6441531
1477,192.49287
1478,120.698232
1479,150.87279
1480,100.928694
1481,47.863092
1482,87.402168
1483,35.00248728
1484,59.11091862
1485,48.903594
1486,114.45522
1487,44.24214504
1488,41.59926996
1489,39.539076
1490,93.26019426
1491,79.078152
1492,45.782088
1493,74.916144
1494,159.196806
1495,244.51797
1496,46.94745024
1497,79.078152
1498,82.199658
1499,99.1078155
1500,114.45522
1501,70.754136
1502,72.83514
1503,271.571022
1504,71.794638
1505,36.91180845
1506,41.62008
1507,34.336566
1508,936.4518
1509,69.15176292
1510,70.754136
1511,90.523674
1512,42.18195108
1513,38.83153464
1514,310.069596
1515,41.62008
1516,34.336566
1517,119.65773
1518,63.2625216
1519,81.159156
1520,42.07790088
1521,152.953794
1522,50.464347
1523,91.564176
1524,395.39076
1525,249.72048
1526,109.25271
1527,78.03765
1528,87.61547091
1529,52.0251
1530,53.065602
1531,59.308614
1532,48.383343
1533,42.660582
1534,45.782088
1535,104.0502
1536,260.1255
1537,38.498574
1538,75.956646
1539,130.06275
1540,22.891044
1541,43.701084
1542,270.53052
1543,98.84769
1544,79.08855702
1545,70.754136
1546,200.816886
1547,57.22761
1548,62.43012
1549,83.1361098
1550,32.64054774
1551,48.903594
1552,54.106104
1553,728.3514
1554,399.552768
1555,124.86024
1556,124.86024
1557,187.29036
1558,44.221335
1559,228.91044
1560,62.43012
1561,72.314889
1562,80.118654
1563,52.84709658
1564,54.106104
1565,65.7597264
1566,108.212208
1567,60.349116
1568,93.64518
1569,62.43012
1570,67.63263
1571,79.3903026
1572,34.88803206
1573,53.065602
1574,442.21335
1575,41.62008
1576,187.29036
1577,62.43012
1578,58.268112
1579,228.91044
1580,63.470622
1581,98.84769
1582,80.118654
1583,49.944096
1584,98.84769
1585,55.146606
1586,156.0753
1587,88.44267
1588,94.685682
1589,46.82259
1590,57.22761
1591,39.539076
1592,93.64518
1593,114.45522
1594,81.159156
1595,34.336566
1596,78.03765
1597,127.981746
1598,59.308614
1599,145.67028
1600,57.22761
1601,57.22761
1602,60.349116
1603,70.754136
1604,489.03594
1605,91.02311496
1606,124.86024
1607,72.83514
1608,43.180833
1609,83.12570478
1610,39.6431262
1611,88.44267
1612,145.67028
1613,520.251
1614,260.1255
1615,41.62008
1616,70.754136
1617,72.83514
1618,45.782088
1619,58.268112
1620,52.13955522
1621,93.64518
1622,54.106104
1623,78.03765
1624,142.548774
1625,36.41757
1626,99.367941
1627,55.7709072
1628,100.8246438
1629,103.009698
1630,65.031375
1631,34.336566
1632,26.01255
1633,41.099829
1634,57.22761
1635,76.997148
1636,192.49287
1637,65.551626
1638,36.41757
1639,83.24016
1640,59.308614
1641,54.106104
1642,58.268112
1643,46.82259
1644,39.539076
1645,88.44267
1646,98.84769
1647,135.26526
1648,208.1004
1649,93.64518
1650,50.73487752
1651,187.29036
1652,77.02836306
1653,52.0251
1654,26.532801
1655,103.009698
1656,52.0251
1657,124.86024
1658,124.86024
1659,176.88534
1660,48.903594
1661,49.1637195
1662,49.944096
1663,34.2325158
1664,34.11806058
1665,87.922419
1666,46.82259
1667,62.43012
1668,27.053052
1669,119.65773
1670,67.63263
1671,54.106104
1672,50.7244725
1673,109.25271
1674,72.83514
1675,197.69538
1676,249.72048
1677,72.83514
1678,35.94414159
1679,208.1004
1680,208.1004
1681,250.760982
1682,156.0753
1683,48.0711924
1684,58.268112
1685,161.27781
1686,58.788363
1687,59.16294372
1688,93.64518
1689,41.62008
1690,114.45522
1691,197.69538
1692,95.58051372
1693,119.65773
1694,36.41757
1695,153.994296
1696,99.6280665
1697,416.2008
1698,140.46777
1699,140.46777
1700,68.673132
1701,38.01994308
1702,78.03765
1703,74.916144
1704,260.1255
1705,26.4287508
1706,40.579578
1707,244.51797
1708,50.984598
1709,187.29036
1710,519.210498
1711,34.336566
1712,62.43012
1713,56.187108
1714,44.60632074
1715,67.63263
1716,43.79472918
1717,72.30448398
1718,81.159156
1719,93.64518
1720,176.88534
1721,33.296064
1722,87.922419
1723,46.82259
1724,143.589276
1725,57.22761
1726,31.21506
1727,67.112379
1728,47.6029665
1729,272.611524
1730,52.0251
1731,42.660582
1732,520.251
1733,38.498574
1734,401.633772
1735,416.2008
1736,72.83514
1737,260.1255
1738,53.8980036
1739,95.726184
1740,62.43012
1741,89.483172
1742,156.0753
1743,75.956646
1744,83.24016
1745,67.63263
1746,48.903594
1747,113.414718
1748,60.349116
1749,232.031946
1750,48.903594
1751,58.268112
1752,322.55562
1753,83.760411
1754,31.21506
1755,67.63263
1756,124.86024
1757,98.84769
1758,104.0502
1759,53.585853
1760,40.72524828
1761,46.82259
1762,176.88534
1763,103.009698
1764,72.83514
1765,75.956646
1766,115.495722
1767,176.88534
1768,52.0251
1769,171.68283
1770,56.187108
1771,72.83514
1772,90.48205392
1773,49.944096
1774,54.106104
1775,47.863092
1776,31.46478048
1777,26.01255
1778,286.13805
1779,73.23573327
1780,140.46777
1781,109.25271
1782,280.93554
1783,244.51797
1784,124.86024
1785,93.64518
1786,58.268112
1787,2705.3052
1788,37.458072
1789,130.06275
1790,47.7590418
1791,70.3899603
1792,57.22761
1793,728.3514
1794,118.617228
1795,242.436966
1796,136.305762
1797,68.673132
1798,60.349116
1799,124.86024
1800,140.46777
1801,91.564176
1802,72.83514
1803,124.86024
1804,70.754136
1805,34.62790656
1806,48.28969782
1807,55.52118672
1808,46.82259
1809,119.65773
1810,61.389618
1811,780.3765
1812,82.76152908
1813,104.0502
1814,155.034798
1815,28.093554
1816,93.64518
1817,54.106104
1818,114.45522
1819,93.64518
1820,206.019396
1821,61.389618
1822,47.863092
1823,161.27781
1824,119.65773
1825,249.72048
1826,47.85268698
1827,572.2761
1828,74.916144
1829,150.87279
1830,150.87279
1831,72.83514
1832,113.414718
1833,66.67536816
1834,28.093554
1835,192.49287
1836,39.66393624
1837,166.48032
1838,27.053052
1839,83.24016
1840,130.06275
1841,43.701084
1842,70.233885
1843,62.43012
1844,50.44353696
1845,52.0251
1846,156.0753
1847,98.84769
1848,83.24016
1849,90.19071336
1850,53.065602
1851,88.44267
1852,306.94809
1853,135.26526
1854,54.106104
1855,46.82259
1856,114.45522
1857,109.25271
1858,54.106104
1859,374.58072
1860,166.48032
1861,88.44267
1862,88.44267
1863,244.51797
1864,280.93554
1865,67.63263
1866,100.0962924
1867,98.84769
1868,156.0753
1869,57.747861
1870,45.86532816
1871,176.88534
1872,55.146606
1873,83.24016
1874,45.782088
1875,104.0502
1876,52.3892757
1877,47.863092
1878,119.65773
1879,71.274387
1880,78.03765
1881,41.62008
1882,106.131204
1883,686.73132
1884,130.06275
1885,58.268112
1886,78.03765
1887,79.87933854
1888,373.540218
1889,31.21506
1890,67.63263
1891,47.863092
1892,120.698232
1893,74.8641189
1894,46.82259
1895,135.26526
1896,73.875642
1897,145.67028
1898,91.564176
1899,332.96064
1900,58.8403881
1901,166.48032
1902,48.903594
1903,92.604678
1904,114.45522
1905,45.5219625
1906,59.308614
1907,54.106104
1908,156.0753
1909,27.053052
1910,39.50786094
1911,78.03765
1912,49.944096
1913,71.5345125
1914,140.46777
1915,312.1506
1916,234.11295
1917,54.106104
1918,57.22761
1919,34.336566
1920,47.6029665
1921,41.62008
1922,54.106104
1923,10.40502
1924,114.45522
1925,70.754136
1926,117.576726
1927,36.38635494
1928,57.70624092
1929,44.741586
1930,447.41586
1931,29.134056
1932,237.234456
1933,93.64518
1934,102.7703825
1935,36.41757
1936,76.476897
1937,150.87279
1938,135.26526
1939,62.43012
1940,64.511124
1941,52.0251
1942,45.782088
1943,260.1255
1944,145.67028
1945,44.221335
1946,23.7234456
1947,163.358814
1948,24.972048
1949,59.308614
1950,78.03765
1951,70.754136
1952,23.931546
1953,81.159156
1954,45.782088
1955,112.374216
1956,41.62008
1957,62.950371
1958,150.87279
1959,551.46606
1960,16.648032
1961,55.7709072
1962,410.99829
1963,47.863092
1964,67.63263
1965,78.03765
1966,72.42934422
1967,91.564176
1968,78.03765
1969,60.349116
1970,40.579578
1971,95.86144926
1972,59.308614
1973,81.679407
1974,43.701084
1975,67.63263
1976,88.44267
1977,135.26526
1978,36.41757
1979,41.62008
1980,42.3484314
1981,17.4284085
1982,176.88534
1983,520.251
1984,54.106104
1985,37.00025112
1986,66.071877
1987,46.82259
1988,192.49287
1989,68.673132
1990,39.6951513
1991,30.174558
1992,29.26932126
1993,52.71183132
1994,520.251
1995,76.997148
1996,156.0753
1997,119.65773
1998,45.782088
1999,83.24016
2000,104.0502
2001,199.776384
2002,50.984598
2003,166.48032
2004,46.82259
2005,67.63263
2006,36.12622944
2007,46.82259
2008,83.24016
2009,78.03765
2010,20.81004
2011,55.73969214
2012,82.199658
2013,156.0753
2014,83.24016
2015,72.42934422
2016,30.174558
2017,51.83780964
2018,50.984598
2019,84.60321762
2020,56.187108
2021,93.64518
2022,135.26526
2023,88.44267
2024,442.21335
2025,52.0251
2026,166.48032
2027,117.576726
2028,107.171706
2029,442.21335
2030,104.0502
2031,135.26526
2032,774.133488
2033,57.22761
2034,57.22761
2035,46.82259
2036,67.63263
2037,70.1298348
2038,44.82482616
2039,62.43012
2040,57.22761
2041,93.53072478
2042,70.754136
2043,31.21506
2044,416.2008
2045,92.604678
2046,65.1354252
2047,114.45522
2048,99.888192
2049,63.37697682
2050,153.994296
2051,58.268112
2052,208.1004
2053,46.54165446
2054,46.82259
2055,309.029094
2056,358.97319
2057,83.24016
2058,91.564176
2059,109.25271
2060,130.06275
2061,31.21506
2062,102.3645868
2063,26.13741024
2064,78.03765
2065,24.972048
2066,88.44267
2067,103.009698
2068,270.53052
2069,47.863092
2070,676.3263
2071,344.406162
2072,135.26526
2073,67.63263
2074,49.944096
2075,58.39297224
2076,32.00584152
2077,125.900742
2078,50.984598
2079,72.83514
2080,176.88534
2081,54.106104
2082,101.969196
2083,52.0251
2084,46.82259
2085,60.349116
2086,986.395896
2087,187.29036
2088,145.67028
2089,68.673132
2090,17.1162579
2091,37.458072
2092,676.3263
2093,52.0251
2094,561.87108
2095,43.701084
2096,88.44267
2097,145.67028
2098,98.84769
2099,91.564176
2100,46.1982888
2101,675.285798
2102,187.29036
2103,178.966344
2104,45.782088
2105,47.863092
2106,31.9954365
2107,49.944096
2108,89.483172
2109,156.0753
2110,98.327439
2111,68.673132
2112,367.297206
2113,93.64518
2114,36.41757
2115,31.69369092
2116,83.24016
2117,144.629778
2118,105.090702
2119,52.0251
2120,54.106104
2121,17.1162579
2122,82.199658
2123,73.875642
2124,46.82259
2125,78.03765
2126,142.548774
2127,192.49287
2128,52.20198534
2129,37.458072
2130,72.83514
2131,48.903594
2132,99.08700546
2133,338.16315
2134,187.29036
2135,64.24059348
2136,104.0502
2137,44.61672576
2138,62.43012
2139,130.06275
2140,312.1506
2141,65.551626
2142,100.928694
2143,182.08785
2144,89.483172
2145,80.118654
2146,85.321164
2147,109.25271
2148,41.5160298
2149,98.84769
2150,125.900742
2151,88.44267
2152,161.27781
2153,57.22761
2154,88.44267
2155,52.0251
2156,30.174558
2157,72.82473498
2158,34.39899612
2159,36.41757
2160,52.0251
2161,46.82259
2162,68.673132
2163,52.39968072
2164,156.0753
2165,137.346264
2166,130.06275
2167,135.26526
2168,234.11295
2169,67.63263
2170,70.754136
2171,46.4063892
2172,58.12244172
2173,156.0753
2174,112.374216
2175,42.660582
2176,70.4940105
2177,150.87279
2178,49.944096
2179,88.44267
2180,60.2970909
2181,56.187108
2182,58.268112
2183,187.29036
2184,106.131204
2185,114.45522
2186,478.63092
2187,190.411866
2188,166.48032
2189,53.50261284
2190,65.8117515
2191,171.68283
2192,88.44267
2193,22.891044
2194,143.589276
2195,62.43012
2196,86.881917
2197,50.69325744
2198,62.43012
2199,130.06275
2200,47.863092
2201,58.268112
2202,43.701084
2203,62.43012
2204,75.956646
2205,125.900742
2206,56.187108
2207,67.63263
2208,56.187108
2209,46.82259
2210,152.953794
2211,494.23845
2212,46.20869382
2213,68.673132
2214,36.41757
2215,114.45522
2216,67.63263
2217,64.511124
2218,71.794638
2219,114.45522
2220,130.06275
2221,69.713634
2222,105.090702
2223,55.146606
2224,50.984598
2225,57.22761
2226,67.63263
2227,130.06275
2228,114.45522
2229,228.91044
2230,88.44267
2231,405.79578
2232,57.22761
2233,74.916144
2234,78.03765
2235,71.98192836
2236,244.51797
2237,31.33992024
2238,36.41757
2239,20.81004
2240,707.54136
2241,55.27146624
2242,123.819738
2243,72.83514
2244,33.296064
2245,62.43012
2246,67.63263
2247,27.573303
2248,93.64518
2249,213.30291
2250,72.83514
2251,60.349116
2252,70.754136
2253,58.268112
2254,36.0533943
2255,54.44946966
2256,35.377068
2257,364.1757
2258,187.29036
2259,63.470622
2260,72.314889
2261,65.551626
2262,468.2259
2263,98.84769
2264,49.944096
2265,98.84769
2266,42.4524816
2267,55.146606
2268,78.03765
2269,62.38849992
2270,104.0502
2271,29.62309194
2272,140.46777
2273,109.25271
2274,52.8054765
2275,83.24016
2276,58.788363
2277,72.314889
2278,206.019396
2279,89.33750172
2280,135.26526
2281,57.22761
2282,70.754136
2283,52.0251
2284,81.159156
2285,197.69538
2286,81.159156
2287,38.498574
2288,81.3672564
2289,57.22761
2290,78.03765
2291,83.77081602
2292,156.0753
2293,114.45522
2294,135.26526
2295,161.27781
2296,49.944096
2297,88.44267
2298,23.411295
2299,78.95849427
2300,64.511124
2301,140.46777
2302,57.21720498
2303,130.06275
2304,46.82259
2305,105.090702
2306,312.1506
2307,161.27781
2308,101.7923107
2309,53.065602
2310,88.44267
2311,58.268112
2312,93.64518
2313,60.349116
2314,88.44267
2315,75.956646
2316,78.03765
2317,89.483172
2318,56.68654896
2319,39.73677138
2320,37.8742728
2321,114.45522
2322,58.4241873
2323,47.863092
2324,81.159156
2325,114.45522
2326,43.701084
2327,109.25271
2328,278.854536
2329,83.24016
2330,46.82259
2331,1897.875648
2332,29.134056
2333,66.592128
2334,126.941244
2335,83.24016
2336,208.1004
2337,207.059898
2338,81.159156
2339,133.184256
2340,45.782088
2341,81.35685138
2342,26.01255
2343,150.87279
2344,124.86024
2345,41.5680549
2346,93.64518
2347,46.82259
2348,156.0753
2349,296.54307
2350,43.701084
2351,273.652026
2352,72.83514
2353,67.112379
2354,61.389618
2355,45.782088
2356,140.46777
2357,254.92299
2358,83.760411
2359,57.22761
2360,41.62008
2361,140.46777
2362,58.788363
2363,520.251
2364,237.234456
2365,61.389618
2366,36.41757
2367,101.969196
2368,54.106104
2369,119.65773
2370,42.4524816
2371,251.801484
2372,26.01255
2373,147.751284
2374,136.305762
2375,60.349116
2376,96.766686
2377,64.4070738
2378,44.46065046
2379,197.69538
2380,249.72048
2381,135.26526
2382,81.159156
2383,85.321164
2384,270.53052
2385,54.106104
2386,62.43012
2387,145.67028
2388,122.779236
2389,67.63263
2390,72.83514
2391,70.754136
2392,153.994296
2393,62.43012
2394,116.536224
2395,104.0502
2396,103.009698
2397,65.3435256
2398,47.863092
2399,39.36219066
2400,59.308614
2401,270.53052
2402,124.86024
2403,75.70692552
2404,84.280662
2405,104.0502
2406,83.22975498
2407,67.8927555
2408,48.903594
2409,107.171706
2410,70.50441552
2411,3745.8072
2412,56.14548792
2413,52.0251
2414,44.20052496
2415,74.916144
2416,42.660582
2417,104.0502
2418,64.511124
2419,227.869938
2420,20.81004
2421,40.579578
2422,72.83514
2423,93.64518
2424,64.511124
2425,119.65773
2426,51.504849
2427,34.26373086
2428,62.43012
2429,73.875642
2430,1028.015976
2431,98.09852856
2432,58.39297224
2433,318.393612
2434,61.0774674
2435,42.660582
2436,457.82088
2437,77.02836306
2438,57.22761
2439,686.73132
2440,61.389618
2441,51.87942972
2442,83.24016
2443,57.22761
2444,52.0251
2445,44.78320608
2446,136.305762
2447,52.0251
2448,557.709072
2449,101.969196
2450,62.43012
2451,41.8802055
2452,34.04522544
2453,61.389618
2454,239.31546
2455,62.43012
2456,36.41757
2457,65.551626
2458,47.863092
2459,19.249287
2460,83.24016
2461,67.63263
2462,46.82259
2463,728.3514
2464,98.84769
2465,63.58507722
2466,72.83514
2467,71.794638
2468,166.48032
2469,111.333714
2470,130.06275
2471,77.9335998
2472,52.71183132
2473,139.427268
2474,63.3665718
2475,48.44577312
2476,364.1757
2477,87.402168
2478,190.411866
2479,67.63263
2480,56.187108
2481,44.26295508
2482,20.289789
2483,60.349116
2484,93.64518
2485,156.0753
2486,84.27025698
2487,66.67536816
2488,144.629778
2489,114.45522
2490,67.63263
2491,29.134056
2492,47.863092
2493,67.48695972
2494,145.67028
2495,48.903594
2496,58.268112
2497,93.64518
2498,60.349116
2499,93.64518
2500,88.44267
2501,33.296064
2502,23.931546
2503,165.439818
2504,47.863092
2505,18.729036
2506,42.660582
2507,46.82259
2508,78.03765
2509,101.969196
2510,41.62008
2511,291.34056
2512,135.26526
2513,67.63263
2514,145.67028
2515,261.166002
2516,58.268112
2517,64.511124
2518,64.511124
2519,49.944096
2520,33.296064
2521,88.44267
2522,78.03765
2523,78.03765
2524,363.135198
2525,49.2677697
2526,93.64518
2527,67.63263
2528,57.22761
2529,75.956646
2530,97.807188
2531,114.45522
2532,115.495722
2533,139.427268
2534,218.50542
2535,72.58541952
2536,145.67028
2537,52.0251
2538,75.2282946
2539,69.713634
2540,58.268112
2541,2705.3052
2542,145.67028
2543,135.26526
2544,2913.4056
2545,46.5624645
2546,64.511124
2547,41.62008
2548,45.4699374
2549,286.13805
2550,45.782088
2551,78.03765
2552,384.98574
2553,81.159156
2554,92.604678
2555,37.458072
2556,49.944096
2557,338.16315
2558,88.44267
2559,104.0502
2560,41.62008
2561,130.06275
2562,46.82259
2563,137.346264
2564,15.60753
2565,78.03765
2566,67.62222498
2567,66.592128
2568,14.60864808
2569,156.0753
2570,223.70793
2571,40.579578
2572,80.118654
2573,156.0753
2574,59.308614
2575,158.156304
2576,135.26526
2577,304.867086
2578,112.374216
2579,130.06275
2580,45.782088
2581,54.106104
2582,72.83514
2583,67.63263
2584,54.69919014
2585,51.53606406
2586,57.22761
2587,88.44267
2588,36.41757
2589,208.1004
2590,249.72048
2591,338.16315
2592,72.83514
2593,78.03765
2594,88.44267
2595,135.26526
2596,124.86024
2597,46.82259
2598,55.146606
2599,71.794638
2600,55.146606
2601,60.349116
2602,61.389618
2603,72.314889
2604,124.86024
2605,374.58072
2606,192.49287
2607,57.22761
2608,59.308614
2609,61.53008577
2610,74.47913316
2611,62.43012
2612,229.950942
2613,209.140902
2614,62.43012
2615,48.65387352
2616,68.24652618
2617,22.891044
2618,62.43012
2619,46.82259
2620,51.504849
2621,226.829436
2622,67.63263
2623,135.26526
2624,59.308614
2625,130.06275
2626,121.738734
2627,107.171706
2628,59.308614
2629,114.45522
2630,88.44267
2631,93.64518
2632,43.701084
2633,100.7205936
2634,468.2259
2635,27.053052
2636,66.51929286
2637,202.89789
2638,83.24016
2639,116.536224
2640,145.67028
2641,54.106104
2642,62.43012
2643,160.757559
2644,150.87279
2645,74.395893
2646,49.944096
2647,72.83514
2648,41.76575028
2649,228.91044
2650,338.16315
2651,139.427268
2652,147.751284
2653,95.86144926
2654,54.84486042
2655,260.1255
2656,48.903594
2657,59.308614
2658,116.536224
2659,240.355962
2660,416.2008
2661,62.43012
2662,507.764976
2663,17.688534
